model,sample,orientation,housing,dimming,rack,branch,socket,manufacturer,productName,lampShapeSize
1,1,d,0,0,1,1,1,CREE,PAR38,LRP-38
1,2,d,0,0,1,1,2,CREE,PAR38,LRP-38
1,3,d,0,0,1,1,3,CREE,PAR38,LRP-38
1,4,d,0,0,1,1,4,CREE,PAR38,LRP-38
1,5,d,0,0,1,1,5,CREE,PAR38,LRP-38
1,6,u,0,0,3,8,1,CREE,PAR38,LRP-38
1,7,u,0,0,3,8,2,CREE,PAR38,LRP-38
1,8,u,0,0,3,8,3,CREE,PAR38,LRP-38
1,9,u,0,0,3,8,4,CREE,PAR38,LRP-38
1,10,u,0,0,3,8,5,CREE,PAR38,LRP-38
1,11,h,0,0,8,1,1,CREE,PAR38,LRP-38
1,12,h,0,0,8,1,2,CREE,PAR38,LRP-38
1,13,h,0,0,8,1,3,CREE,PAR38,LRP-38
1,14,h,0,0,8,1,4,CREE,PAR38,LRP-38
1,15,h,0,0,8,1,5,CREE,PAR38,LRP-38
1,16,u,1,0,1,5,6,CREE,PAR38,LRP-38
1,17,u,1,0,5,5,2,CREE,PAR38,LRP-38
1,18,u,1,0,5,5,3,CREE,PAR38,LRP-38
1,19,u,1,0,5,5,4,CREE,PAR38,LRP-38
1,20,u,1,0,5,5,5,CREE,PAR38,LRP-38
1,21,u,0,1,3,3,1,CREE,PAR38,LRP-38
1,22,u,0,1,3,3,2,CREE,PAR38,LRP-38
1,23,u,0,1,3,3,3,CREE,PAR38,LRP-38
1,24,d,0,1,3,1,1,CREE,PAR38,LRP-38
1,25,d,0,1,3,1,2,CREE,PAR38,LRP-38
1,26,h,0,1,3,6,1,CREE,PAR38,LRP-38
1,27,h,0,1,3,6,2,CREE,PAR38,LRP-38
1,28,u,1,1,4,5,1,CREE,PAR38,LRP-38
1,29,u,1,1,4,5,2,CREE,PAR38,LRP-38
1,30,u,1,1,4,5,3,CREE,PAR38,LRP-38
1,31,d,0,0,1,3,1,CREE,PAR38,LRP-38
2,1,d,0,0,1,1,6,Sylvania,PAR30,LED10PAR30/DIM/SG/830/WSP15
2,2,d,0,0,1,1,7,Sylvania,PAR30,LED10PAR30/DIM/SG/830/WSP15
2,3,d,0,0,1,1,8,Sylvania,PAR30,LED10PAR30/DIM/SG/830/WSP15
2,4,d,0,0,1,1,9,Sylvania,PAR30,LED10PAR30/DIM/SG/830/WSP15
2,5,d,0,0,1,1,10,Sylvania,PAR30,LED10PAR30/DIM/SG/830/WSP15
2,6,u,0,0,3,8,6,Sylvania,PAR30,LED10PAR30/DIM/SG/830/WSP15
2,7,u,0,0,3,8,7,Sylvania,PAR30,LED10PAR30/DIM/SG/830/WSP15
2,8,u,0,0,3,8,8,Sylvania,PAR30,LED10PAR30/DIM/SG/830/WSP15
2,9,u,0,0,3,8,9,Sylvania,PAR30,LED10PAR30/DIM/SG/830/WSP15
2,10,u,0,0,3,8,10,Sylvania,PAR30,LED10PAR30/DIM/SG/830/WSP15
2,11,h,0,0,8,1,6,Sylvania,PAR30,LED10PAR30/DIM/SG/830/WSP15
2,12,h,0,0,8,1,7,Sylvania,PAR30,LED10PAR30/DIM/SG/830/WSP15
2,13,h,0,0,8,1,8,Sylvania,PAR30,LED10PAR30/DIM/SG/830/WSP15
2,14,h,0,0,8,1,9,Sylvania,PAR30,LED10PAR30/DIM/SG/830/WSP15
2,15,h,0,0,8,1,10,Sylvania,PAR30,LED10PAR30/DIM/SG/830/WSP15
2,16,u,1,0,1,5,7,Sylvania,PAR30,LED10PAR30/DIM/SG/830/WSP15
2,17,u,1,0,5,5,7,Sylvania,PAR30,LED10PAR30/DIM/SG/830/WSP15
2,18,u,1,0,5,5,8,Sylvania,PAR30,LED10PAR30/DIM/SG/830/WSP15
2,19,u,1,0,5,5,9,Sylvania,PAR30,LED10PAR30/DIM/SG/830/WSP15
2,20,u,1,0,5,5,10,Sylvania,PAR30,LED10PAR30/DIM/SG/830/WSP15
2,21,u,0,1,3,3,4,Sylvania,PAR30,LED10PAR30/DIM/SG/830/WSP15
2,22,u,0,1,3,3,5,Sylvania,PAR30,LED10PAR30/DIM/SG/830/WSP15
2,23,u,0,1,3,3,6,Sylvania,PAR30,LED10PAR30/DIM/SG/830/WSP15
2,24,d,0,1,3,1,3,Sylvania,PAR30,LED10PAR30/DIM/SG/830/WSP15
2,25,d,0,1,3,1,4,Sylvania,PAR30,LED10PAR30/DIM/SG/830/WSP15
2,26,h,0,1,3,6,3,Sylvania,PAR30,LED10PAR30/DIM/SG/830/WSP15
2,27,h,0,1,3,6,4,Sylvania,PAR30,LED10PAR30/DIM/SG/830/WSP15
2,28,u,1,1,4,5,4,Sylvania,PAR30,LED10PAR30/DIM/SG/830/WSP15
2,29,u,1,1,4,5,5,Sylvania,PAR30,LED10PAR30/DIM/SG/830/WSP15
2,30,u,1,1,4,5,6,Sylvania,PAR30,LED10PAR30/DIM/SG/830/WSP15
2,31,d,0,0,1,3,2,Sylvania,PAR30,LED10PAR30/DIM/SG/830/WSP15
3,1,d,0,0,4,4,1,TCP,PAR20,LED9E26P2027KNFL
3,2,d,0,0,4,4,2,TCP,PAR20,LED9E26P2027KNFL
3,3,d,0,0,4,4,3,TCP,PAR20,LED9E26P2027KNFL
3,4,d,0,0,4,4,4,TCP,PAR20,LED9E26P2027KNFL
3,5,d,0,0,4,4,5,TCP,PAR20,LED9E26P2027KNFL
3,6,u,0,0,8,6,1,TCP,PAR20,LED9E26P2027KNFL
3,7,u,0,0,8,6,2,TCP,PAR20,LED9E26P2027KNFL
3,8,u,0,0,8,6,3,TCP,PAR20,LED9E26P2027KNFL
3,9,u,0,0,8,6,4,TCP,PAR20,LED9E26P2027KNFL
3,10,u,0,0,8,6,5,TCP,PAR20,LED9E26P2027KNFL
3,11,h,0,0,8,2,1,TCP,PAR20,LED9E26P2027KNFL
3,12,h,0,0,8,2,2,TCP,PAR20,LED9E26P2027KNFL
3,13,h,0,0,8,2,3,TCP,PAR20,LED9E26P2027KNFL
3,14,h,0,0,8,2,4,TCP,PAR20,LED9E26P2027KNFL
3,15,h,0,0,8,2,5,TCP,PAR20,LED9E26P2027KNFL
3,16,u,1,0,1,5,8,TCP,PAR20,LED9E26P2027KNFL
3,17,u,1,0,5,6,2,TCP,PAR20,LED9E26P2027KNFL
3,18,u,1,0,5,6,3,TCP,PAR20,LED9E26P2027KNFL
3,19,u,1,0,5,6,4,TCP,PAR20,LED9E26P2027KNFL
3,20,u,1,0,5,6,5,TCP,PAR20,LED9E26P2027KNFL
3,21,u,0,1,3,3,7,TCP,PAR20,LED9E26P2027KNFL
3,22,u,0,1,3,3,8,TCP,PAR20,LED9E26P2027KNFL
3,23,u,0,1,3,3,9,TCP,PAR20,LED9E26P2027KNFL
3,24,d,0,1,3,1,5,TCP,PAR20,LED9E26P2027KNFL
3,25,d,0,1,3,1,6,TCP,PAR20,LED9E26P2027KNFL
3,26,h,0,1,3,6,5,TCP,PAR20,LED9E26P2027KNFL
3,27,h,0,1,3,6,6,TCP,PAR20,LED9E26P2027KNFL
3,28,u,1,1,4,5,7,TCP,PAR20,LED9E26P2027KNFL
3,29,u,1,1,4,5,8,TCP,PAR20,LED9E26P2027KNFL
3,30,u,1,1,4,5,9,TCP,PAR20,LED9E26P2027KNFL
3,31,d,0,0,1,3,3,TCP,PAR20,LED9E26P2027KNFL
4,1,d,0,0,4,4,6,LightingScience,PAR30,DFN 30 W27 V2 NFL 120
4,2,d,0,0,4,4,7,LightingScience,PAR30,DFN 30 W27 V2 NFL 120
4,3,d,0,0,4,4,8,LightingScience,PAR30,DFN 30 W27 V2 NFL 120
4,4,d,0,0,4,4,9,LightingScience,PAR30,DFN 30 W27 V2 NFL 120
4,5,d,0,0,4,4,10,LightingScience,PAR30,DFN 30 W27 V2 NFL 120
4,6,u,0,0,8,6,6,LightingScience,PAR30,DFN 30 W27 V2 NFL 120
4,7,u,0,0,8,6,7,LightingScience,PAR30,DFN 30 W27 V2 NFL 120
4,8,u,0,0,8,6,8,LightingScience,PAR30,DFN 30 W27 V2 NFL 120
4,9,u,0,0,8,6,9,LightingScience,PAR30,DFN 30 W27 V2 NFL 120
4,10,u,0,0,8,6,10,LightingScience,PAR30,DFN 30 W27 V2 NFL 120
4,11,h,0,0,8,2,6,LightingScience,PAR30,DFN 30 W27 V2 NFL 120
4,12,h,0,0,8,2,7,LightingScience,PAR30,DFN 30 W27 V2 NFL 120
4,13,h,0,0,8,2,8,LightingScience,PAR30,DFN 30 W27 V2 NFL 120
4,14,h,0,0,8,2,9,LightingScience,PAR30,DFN 30 W27 V2 NFL 120
4,15,h,0,0,8,2,10,LightingScience,PAR30,DFN 30 W27 V2 NFL 120
4,16,u,1,0,1,5,9,LightingScience,PAR30,DFN 30 W27 V2 NFL 120
4,17,u,1,0,5,6,7,LightingScience,PAR30,DFN 30 W27 V2 NFL 120
4,18,u,1,0,5,6,8,LightingScience,PAR30,DFN 30 W27 V2 NFL 120
4,19,u,1,0,5,6,9,LightingScience,PAR30,DFN 30 W27 V2 NFL 120
4,20,u,1,0,5,6,10,LightingScience,PAR30,DFN 30 W27 V2 NFL 120
4,21,u,0,1,3,3,10,LightingScience,PAR30,DFN 30 W27 V2 NFL 120
4,22,u,0,1,3,4,1,LightingScience,PAR30,DFN 30 W27 V2 NFL 120
4,23,u,0,1,3,4,2,LightingScience,PAR30,DFN 30 W27 V2 NFL 120
4,24,d,0,1,3,1,7,LightingScience,PAR30,DFN 30 W27 V2 NFL 120
4,25,d,0,1,3,1,8,LightingScience,PAR30,DFN 30 W27 V2 NFL 120
4,26,h,0,1,3,6,7,LightingScience,PAR30,DFN 30 W27 V2 NFL 120
4,27,h,0,1,3,6,8,LightingScience,PAR30,DFN 30 W27 V2 NFL 120
4,28,u,1,1,4,5,10,LightingScience,PAR30,DFN 30 W27 V2 NFL 120
4,29,u,1,1,4,6,1,LightingScience,PAR30,DFN 30 W27 V2 NFL 120
4,30,u,1,1,4,6,2,LightingScience,PAR30,DFN 30 W27 V2 NFL 120
4,31,d,0,0,1,3,4,LightingScience,PAR30,DFN 30 W27 V2 NFL 120
5,1,d,0,0,4,3,1,GE,PAR20,LED7DP20W830/10
5,2,d,0,0,4,3,2,GE,PAR20,LED7DP20W830/10
5,3,d,0,0,4,3,3,GE,PAR20,LED7DP20W830/10
5,4,d,0,0,4,3,4,GE,PAR20,LED7DP20W830/10
5,5,d,0,0,4,3,5,GE,PAR20,LED7DP20W830/10
5,6,u,0,0,8,7,1,GE,PAR20,LED7DP20W830/10
5,7,u,0,0,8,7,2,GE,PAR20,LED7DP20W830/10
5,8,u,0,0,8,7,3,GE,PAR20,LED7DP20W830/10
5,9,u,0,0,8,7,4,GE,PAR20,LED7DP20W830/10
5,10,u,0,0,8,7,5,GE,PAR20,LED7DP20W830/10
5,11,h,0,0,8,3,1,GE,PAR20,LED7DP20W830/10
5,12,h,0,0,8,3,2,GE,PAR20,LED7DP20W830/10
5,13,h,0,0,8,3,3,GE,PAR20,LED7DP20W830/10
5,14,h,0,0,8,3,4,GE,PAR20,LED7DP20W830/10
5,15,h,0,0,8,3,5,GE,PAR20,LED7DP20W830/10
5,16,u,1,0,1,5,10,GE,PAR20,LED7DP20W830/10
5,17,u,1,0,5,7,2,GE,PAR20,LED7DP20W830/10
5,18,u,1,0,5,7,3,GE,PAR20,LED7DP20W830/10
5,19,u,1,0,5,7,4,GE,PAR20,LED7DP20W830/10
5,20,u,1,0,5,7,5,GE,PAR20,LED7DP20W830/10
5,21,u,0,1,3,4,3,GE,PAR20,LED7DP20W830/10
5,22,u,0,1,3,4,4,GE,PAR20,LED7DP20W830/10
5,23,u,0,1,3,4,5,GE,PAR20,LED7DP20W830/10
5,24,d,0,1,3,1,9,GE,PAR20,LED7DP20W830/10
5,25,d,0,1,3,1,10,GE,PAR20,LED7DP20W830/10
5,26,h,0,1,3,6,9,GE,PAR20,LED7DP20W830/10
5,27,h,0,1,3,6,10,GE,PAR20,LED7DP20W830/10
5,28,u,1,1,4,6,3,GE,PAR20,LED7DP20W830/10
5,29,u,1,1,4,6,4,GE,PAR20,LED7DP20W830/10
5,30,u,1,1,4,6,5,GE,PAR20,LED7DP20W830/10
5,31,d,0,0,1,3,5,GE,PAR20,LED7DP20W830/10
6,1,d,0,0,4,3,6,Acuity/Acculamp,PAR20,ALSP20 530L 45 DIM
6,2,d,0,0,4,3,7,Acuity/Acculamp,PAR20,ALSP20 530L 45 DIM
6,3,d,0,0,4,3,8,Acuity/Acculamp,PAR20,ALSP20 530L 45 DIM
6,4,d,0,0,4,3,9,Acuity/Acculamp,PAR20,ALSP20 530L 45 DIM
6,5,d,0,0,4,3,10,Acuity/Acculamp,PAR20,ALSP20 530L 45 DIM
6,6,u,0,0,8,7,6,Acuity/Acculamp,PAR20,ALSP20 530L 45 DIM
6,7,u,0,0,8,7,7,Acuity/Acculamp,PAR20,ALSP20 530L 45 DIM
6,8,u,0,0,8,7,8,Acuity/Acculamp,PAR20,ALSP20 530L 45 DIM
6,9,u,0,0,8,7,9,Acuity/Acculamp,PAR20,ALSP20 530L 45 DIM
6,10,u,0,0,8,7,10,Acuity/Acculamp,PAR20,ALSP20 530L 45 DIM
6,11,h,0,0,8,3,6,Acuity/Acculamp,PAR20,ALSP20 530L 45 DIM
6,12,h,0,0,8,3,7,Acuity/Acculamp,PAR20,ALSP20 530L 45 DIM
6,13,h,0,0,8,3,8,Acuity/Acculamp,PAR20,ALSP20 530L 45 DIM
6,14,h,0,0,8,3,9,Acuity/Acculamp,PAR20,ALSP20 530L 45 DIM
6,15,h,0,0,8,3,10,Acuity/Acculamp,PAR20,ALSP20 530L 45 DIM
6,16,u,1,0,1,6,6,Acuity/Acculamp,PAR20,ALSP20 530L 45 DIM
6,17,u,1,0,5,7,7,Acuity/Acculamp,PAR20,ALSP20 530L 45 DIM
6,18,u,1,0,5,7,8,Acuity/Acculamp,PAR20,ALSP20 530L 45 DIM
6,19,u,1,0,5,7,9,Acuity/Acculamp,PAR20,ALSP20 530L 45 DIM
6,20,u,1,0,5,7,10,Acuity/Acculamp,PAR20,ALSP20 530L 45 DIM
6,21,u,0,1,3,4,6,Acuity/Acculamp,PAR20,ALSP20 530L 45 DIM
6,22,u,0,1,3,4,7,Acuity/Acculamp,PAR20,ALSP20 530L 45 DIM
6,23,u,0,1,3,4,8,Acuity/Acculamp,PAR20,ALSP20 530L 45 DIM
6,24,d,0,1,3,2,1,Acuity/Acculamp,PAR20,ALSP20 530L 45 DIM
6,25,d,0,1,3,2,2,Acuity/Acculamp,PAR20,ALSP20 530L 45 DIM
6,26,h,0,1,3,7,1,Acuity/Acculamp,PAR20,ALSP20 530L 45 DIM
6,27,h,0,1,3,7,2,Acuity/Acculamp,PAR20,ALSP20 530L 45 DIM
6,28,u,1,1,4,6,6,Acuity/Acculamp,PAR20,ALSP20 530L 45 DIM
6,29,u,1,1,4,6,7,Acuity/Acculamp,PAR20,ALSP20 530L 45 DIM
6,30,u,1,1,4,6,8,Acuity/Acculamp,PAR20,ALSP20 530L 45 DIM
6,31,d,0,0,1,3,6,Acuity/Acculamp,PAR20,ALSP20 530L 45 DIM
7,1,d,0,0,5,1,1,Soraa,MR16,MR16-50-B01-12-927-25
7,2,d,0,0,5,1,2,Soraa,MR16,MR16-50-B01-12-927-25
7,3,d,0,0,5,1,3,Soraa,MR16,MR16-50-B01-12-927-25
7,4,d,0,0,5,1,4,Soraa,MR16,MR16-50-B01-12-927-25
7,5,d,0,0,5,1,5,Soraa,MR16,MR16-50-B01-12-927-25
7,6,u,0,0,5,2,1,Soraa,MR16,MR16-50-B01-12-927-25
7,7,u,0,0,5,2,2,Soraa,MR16,MR16-50-B01-12-927-25
7,8,u,0,0,5,2,3,Soraa,MR16,MR16-50-B01-12-927-25
7,9,u,0,0,5,2,4,Soraa,MR16,MR16-50-B01-12-927-25
7,10,u,0,0,5,2,5,Soraa,MR16,MR16-50-B01-12-927-25
7,11,h,0,0,5,3,1,Soraa,MR16,MR16-50-B01-12-927-25
7,12,h,0,0,5,3,2,Soraa,MR16,MR16-50-B01-12-927-25
7,13,h,0,0,5,3,3,Soraa,MR16,MR16-50-B01-12-927-25
7,14,h,0,0,5,3,4,Soraa,MR16,MR16-50-B01-12-927-25
7,15,h,0,0,5,3,5,Soraa,MR16,MR16-50-B01-12-927-25
7,16,u,1,0,5,4,1,Soraa,MR16,MR16-50-B01-12-927-25
7,17,u,1,0,5,4,2,Soraa,MR16,MR16-50-B01-12-927-25
7,18,u,1,0,5,4,3,Soraa,MR16,MR16-50-B01-12-927-25
7,19,u,1,0,5,4,4,Soraa,MR16,MR16-50-B01-12-927-25
7,20,u,1,0,5,4,5,Soraa,MR16,MR16-50-B01-12-927-25
7,21,d,0,1,4,2,1,Soraa,MR16,MR16-50-B01-12-927-25
7,22,d,0,1,4,2,2,Soraa,MR16,MR16-50-B01-12-927-25
7,23,u,0,1,4,2,3,Soraa,MR16,MR16-50-B01-12-927-25
7,24,u,0,1,4,2,4,Soraa,MR16,MR16-50-B01-12-927-25
7,25,u,0,1,4,2,5,Soraa,MR16,MR16-50-B01-12-927-25
7,26,h,0,1,4,2,6,Soraa,MR16,MR16-50-B01-12-927-25
7,27,h,0,1,4,2,7,Soraa,MR16,MR16-50-B01-12-927-25
7,28,u,1,1,4,1,1,Soraa,MR16,MR16-50-B01-12-927-25
7,29,u,1,1,4,1,2,Soraa,MR16,MR16-50-B01-12-927-25
7,30,u,1,1,4,1,3,Soraa,MR16,MR16-50-B01-12-927-25
7,31,d,0,0,1,2,1,Soraa,MR16,MR16-50-B01-12-927-25
8,1,d,0,0,5,1,6,Utilitech/Feit,MR16,LEDXNDM/LED
8,2,d,0,0,5,1,7,Utilitech/Feit,MR16,LEDXNDM/LED
8,3,d,0,0,5,1,8,Utilitech/Feit,MR16,LEDXNDM/LED
8,4,d,0,0,5,1,9,Utilitech/Feit,MR16,LEDXNDM/LED
8,5,d,0,0,5,1,10,Utilitech/Feit,MR16,LEDXNDM/LED
8,6,u,0,0,5,2,6,Utilitech/Feit,MR16,LEDXNDM/LED
8,7,u,0,0,5,2,7,Utilitech/Feit,MR16,LEDXNDM/LED
8,8,u,0,0,5,2,8,Utilitech/Feit,MR16,LEDXNDM/LED
8,9,u,0,0,5,2,9,Utilitech/Feit,MR16,LEDXNDM/LED
8,10,u,0,0,5,2,10,Utilitech/Feit,MR16,LEDXNDM/LED
8,11,h,0,0,5,3,6,Utilitech/Feit,MR16,LEDXNDM/LED
8,12,h,0,0,5,3,7,Utilitech/Feit,MR16,LEDXNDM/LED
8,13,h,0,0,5,3,8,Utilitech/Feit,MR16,LEDXNDM/LED
8,14,h,0,0,5,3,9,Utilitech/Feit,MR16,LEDXNDM/LED
8,15,h,0,0,5,3,10,Utilitech/Feit,MR16,LEDXNDM/LED
8,16,u,1,0,5,4,6,Utilitech/Feit,MR16,LEDXNDM/LED
8,17,u,1,0,5,4,7,Utilitech/Feit,MR16,LEDXNDM/LED
8,18,u,1,0,5,4,8,Utilitech/Feit,MR16,LEDXNDM/LED
8,19,u,1,0,5,4,9,Utilitech/Feit,MR16,LEDXNDM/LED
8,20,u,1,0,5,4,10,Utilitech/Feit,MR16,LEDXNDM/LED
8,21,u,0,1,4,1,7,Utilitech/Feit,MR16,LEDXNDM/LED
8,22,u,0,1,4,1,8,Utilitech/Feit,MR16,LEDXNDM/LED
8,23,h,0,1,4,1,9,Utilitech/Feit,MR16,LEDXNDM/LED
8,24,h,0,1,4,1,10,Utilitech/Feit,MR16,LEDXNDM/LED
8,25,u,0,1,4,2,8,Utilitech/Feit,MR16,LEDXNDM/LED
8,26,d,0,1,4,2,9,Utilitech/Feit,MR16,LEDXNDM/LED
8,27,d,0,1,4,2,10,Utilitech/Feit,MR16,LEDXNDM/LED
8,28,u,1,1,4,1,4,Utilitech/Feit,MR16,LEDXNDM/LED
8,29,u,1,1,4,1,5,Utilitech/Feit,MR16,LEDXNDM/LED
8,30,u,1,1,4,1,6,Utilitech/Feit,MR16,LEDXNDM/LED
8,31,d,0,0,1,2,2,Utilitech/Feit,MR16,LEDXNDM/LED
9,1,d,0,0,8,5,6,Ecosmart/LightingScience,PAR20,ECS 22 WW FL 50WE 120
9,2,d,0,0,8,5,7,Ecosmart/LightingScience,PAR20,ECS 22 WW FL 50WE 120
9,3,d,0,0,8,5,8,Ecosmart/LightingScience,PAR20,ECS 22 WW FL 50WE 120
9,4,d,0,0,8,5,9,Ecosmart/LightingScience,PAR20,ECS 22 WW FL 50WE 120
9,5,d,0,0,8,5,10,Ecosmart/LightingScience,PAR20,ECS 22 WW FL 50WE 120
9,6,u,0,0,8,8,1,Ecosmart/LightingScience,PAR20,ECS 22 WW FL 50WE 120
9,7,u,0,0,8,8,2,Ecosmart/LightingScience,PAR20,ECS 22 WW FL 50WE 120
9,8,u,0,0,8,8,3,Ecosmart/LightingScience,PAR20,ECS 22 WW FL 50WE 120
9,9,u,0,0,8,8,4,Ecosmart/LightingScience,PAR20,ECS 22 WW FL 50WE 120
9,10,u,0,0,8,8,5,Ecosmart/LightingScience,PAR20,ECS 22 WW FL 50WE 120
9,11,h,0,0,8,4,1,Ecosmart/LightingScience,PAR20,ECS 22 WW FL 50WE 120
9,12,h,0,0,8,4,2,Ecosmart/LightingScience,PAR20,ECS 22 WW FL 50WE 120
9,13,h,0,0,8,4,3,Ecosmart/LightingScience,PAR20,ECS 22 WW FL 50WE 120
9,14,h,0,0,8,4,4,Ecosmart/LightingScience,PAR20,ECS 22 WW FL 50WE 120
9,15,h,0,0,8,4,5,Ecosmart/LightingScience,PAR20,ECS 22 WW FL 50WE 120
9,16,u,1,0,1,6,7,Ecosmart/LightingScience,PAR20,ECS 22 WW FL 50WE 120
9,17,u,1,0,5,8,2,Ecosmart/LightingScience,PAR20,ECS 22 WW FL 50WE 120
9,18,u,1,0,5,8,3,Ecosmart/LightingScience,PAR20,ECS 22 WW FL 50WE 120
9,19,u,1,0,5,8,4,Ecosmart/LightingScience,PAR20,ECS 22 WW FL 50WE 120
9,20,u,1,0,5,8,5,Ecosmart/LightingScience,PAR20,ECS 22 WW FL 50WE 120
9,21,u,0,1,3,4,9,Ecosmart/LightingScience,PAR20,ECS 22 WW FL 50WE 120
9,22,u,0,1,3,4,10,Ecosmart/LightingScience,PAR20,ECS 22 WW FL 50WE 120
9,23,u,0,1,3,5,1,Ecosmart/LightingScience,PAR20,ECS 22 WW FL 50WE 120
9,24,d,0,1,3,2,3,Ecosmart/LightingScience,PAR20,ECS 22 WW FL 50WE 120
9,25,d,0,1,3,2,4,Ecosmart/LightingScience,PAR20,ECS 22 WW FL 50WE 120
9,26,h,0,1,3,7,3,Ecosmart/LightingScience,PAR20,ECS 22 WW FL 50WE 120
9,27,h,0,1,3,7,4,Ecosmart/LightingScience,PAR20,ECS 22 WW FL 50WE 120
9,28,u,1,1,4,6,9,Ecosmart/LightingScience,PAR20,ECS 22 WW FL 50WE 120
9,29,u,1,1,4,6,10,Ecosmart/LightingScience,PAR20,ECS 22 WW FL 50WE 120
9,30,u,1,1,4,7,1,Ecosmart/LightingScience,PAR20,ECS 22 WW FL 50WE 120
9,31,d,0,0,1,3,7,Ecosmart/LightingScience,PAR20,ECS 22 WW FL 50WE 120
10,1,d,0,0,8,5,1,Toshiba,PAR38,20P38/27LFL-UP
10,2,d,0,0,8,5,2,Toshiba,PAR38,20P38/27LFL-UP
10,3,d,0,0,8,5,3,Toshiba,PAR38,20P38/27LFL-UP
10,4,d,0,0,8,5,4,Toshiba,PAR38,20P38/27LFL-UP
10,5,d,0,0,8,5,5,Toshiba,PAR38,20P38/27LFL-UP
10,6,u,0,0,8,8,6,Toshiba,PAR38,20P38/27LFL-UP
10,7,u,0,0,8,8,7,Toshiba,PAR38,20P38/27LFL-UP
10,8,u,0,0,8,8,8,Toshiba,PAR38,20P38/27LFL-UP
10,9,u,0,0,8,8,9,Toshiba,PAR38,20P38/27LFL-UP
10,10,u,0,0,8,8,10,Toshiba,PAR38,20P38/27LFL-UP
10,11,h,0,0,8,4,6,Toshiba,PAR38,20P38/27LFL-UP
10,12,h,0,0,8,4,7,Toshiba,PAR38,20P38/27LFL-UP
10,13,h,0,0,8,4,8,Toshiba,PAR38,20P38/27LFL-UP
10,14,h,0,0,8,4,9,Toshiba,PAR38,20P38/27LFL-UP
10,15,h,0,0,8,4,10,Toshiba,PAR38,20P38/27LFL-UP
10,16,u,1,0,1,6,8,Toshiba,PAR38,20P38/27LFL-UP
10,17,u,1,0,5,8,7,Toshiba,PAR38,20P38/27LFL-UP
10,18,u,1,0,5,8,8,Toshiba,PAR38,20P38/27LFL-UP
10,19,u,1,0,5,8,9,Toshiba,PAR38,20P38/27LFL-UP
10,20,u,1,0,5,8,10,Toshiba,PAR38,20P38/27LFL-UP
10,21,u,0,1,3,5,2,Toshiba,PAR38,20P38/27LFL-UP
10,22,u,0,1,3,5,3,Toshiba,PAR38,20P38/27LFL-UP
10,23,u,0,1,3,5,4,Toshiba,PAR38,20P38/27LFL-UP
10,24,d,0,1,3,2,5,Toshiba,PAR38,20P38/27LFL-UP
10,25,d,0,1,3,2,6,Toshiba,PAR38,20P38/27LFL-UP
10,26,h,0,1,3,7,5,Toshiba,PAR38,20P38/27LFL-UP
10,27,h,0,1,3,7,6,Toshiba,PAR38,20P38/27LFL-UP
10,28,u,1,1,4,7,2,Toshiba,PAR38,20P38/27LFL-UP
10,29,u,1,1,4,7,3,Toshiba,PAR38,20P38/27LFL-UP
10,30,u,1,1,4,7,4,Toshiba,PAR38,20P38/27LFL-UP
10,31,d,0,0,1,3,8,Toshiba,PAR38,20P38/27LFL-UP
11,1,u,0,0,7,4,6,SWITCH,A19,Switch75
11,2,u,0,0,7,4,7,SWITCH,A19,Switch75
11,3,u,0,0,7,4,8,SWITCH,A19,Switch75
11,4,u,0,0,7,4,9,SWITCH,A19,Switch75
11,5,u,0,0,7,4,10,SWITCH,A19,Switch75
11,6,d,0,0,7,1,1,SWITCH,A19,Switch75
11,7,d,0,0,7,1,2,SWITCH,A19,Switch75
11,8,d,0,0,7,1,3,SWITCH,A19,Switch75
11,9,d,0,0,7,1,4,SWITCH,A19,Switch75
11,10,d,0,0,7,1,5,SWITCH,A19,Switch75
11,11,h,0,0,6,3,1,SWITCH,A19,Switch75
11,12,h,0,0,6,3,2,SWITCH,A19,Switch75
11,13,h,0,0,6,3,3,SWITCH,A19,Switch75
11,14,h,0,0,6,3,4,SWITCH,A19,Switch75
11,15,h,0,0,6,3,5,SWITCH,A19,Switch75
11,16,u,1,0,1,6,9,SWITCH,A19,Switch75
11,17,u,1,0,5,8,1,SWITCH,A19,Switch75
11,18,u,1,0,5,5,1,SWITCH,A19,Switch75
11,19,u,1,0,5,5,6,SWITCH,A19,Switch75
11,20,u,1,0,1,5,5,SWITCH,A19,Switch75
11,21,d,0,1,2,1,7,SWITCH,A19,Switch75
11,22,d,0,0,1,4,1,SWITCH,A19,Switch75
11,23,d,0,1,2,1,8,SWITCH,A19,Switch75
11,24,h,0,1,2,5,7,SWITCH,A19,Switch75
11,25,h,0,1,2,5,8,SWITCH,A19,Switch75
11,26,u,0,1,3,5,5,SWITCH,A19,Switch75
11,27,u,0,1,3,5,6,SWITCH,A19,Switch75
11,28,u,0,1,3,5,7,SWITCH,A19,Switch75
11,29,u,1,1,4,8,7,SWITCH,A19,Switch75
11,30,u,1,1,4,8,8,SWITCH,A19,Switch75
11,31,u,1,1,4,8,9,SWITCH,A19,Switch75
12,1,d,0,0,1,4,2,Greenlite,A19,12W/LED/OMNI-D
12,2,u,1,0,1,5,1,Greenlite,A19,12W/LED/OMNI-D
12,3,u,1,0,1,5,2,Greenlite,A19,12W/LED/OMNI-D
12,4,u,1,0,1,5,3,Greenlite,A19,12W/LED/OMNI-D
12,5,u,1,0,1,5,4,Greenlite,A19,12W/LED/OMNI-D
12,6,u,1,0,1,6,10,Greenlite,A19,12W/LED/OMNI-D
12,7,d,0,1,2,1,3,Greenlite,A19,12W/LED/OMNI-D
12,8,d,0,1,2,1,4,Greenlite,A19,12W/LED/OMNI-D
12,9,h,0,1,2,5,3,Greenlite,A19,12W/LED/OMNI-D
12,10,h,0,1,2,5,4,Greenlite,A19,12W/LED/OMNI-D
12,11,u,0,1,3,5,8,Greenlite,A19,12W/LED/OMNI-D
12,12,u,0,1,3,5,9,Greenlite,A19,12W/LED/OMNI-D
12,13,u,0,1,3,5,10,Greenlite,A19,12W/LED/OMNI-D
12,14,h,0,0,6,3,6,Greenlite,A19,12W/LED/OMNI-D
12,15,h,0,0,6,3,7,Greenlite,A19,12W/LED/OMNI-D
12,16,h,0,0,6,3,8,Greenlite,A19,12W/LED/OMNI-D
12,17,h,0,0,6,3,9,Greenlite,A19,12W/LED/OMNI-D
12,18,h,0,0,6,3,10,Greenlite,A19,12W/LED/OMNI-D
12,19,u,0,0,7,4,1,Greenlite,A19,12W/LED/OMNI-D
12,20,u,0,0,7,4,2,Greenlite,A19,12W/LED/OMNI-D
12,21,u,0,0,7,4,3,Greenlite,A19,12W/LED/OMNI-D
12,22,u,0,0,7,4,4,Greenlite,A19,12W/LED/OMNI-D
12,23,u,0,0,7,4,5,Greenlite,A19,12W/LED/OMNI-D
12,24,d,0,0,7,1,6,Greenlite,A19,12W/LED/OMNI-D
12,25,d,0,0,7,1,7,Greenlite,A19,12W/LED/OMNI-D
12,26,d,0,0,7,1,8,Greenlite,A19,12W/LED/OMNI-D
12,27,d,0,0,7,1,9,Greenlite,A19,12W/LED/OMNI-D
12,28,d,0,0,7,1,10,Greenlite,A19,12W/LED/OMNI-D
12,29,u,1,1,4,8,4,Greenlite,A19,12W/LED/OMNI-D
12,30,u,1,1,4,8,5,Greenlite,A19,12W/LED/OMNI-D
12,31,u,1,1,4,8,6,Greenlite,A19,12W/LED/OMNI-D
13,1,d,0,0,1,4,3,Insignia,A19,NS-LED60F
13,2,u,1,0,1,6,1,Insignia,A19,NS-LED60F
13,3,u,1,0,1,6,2,Insignia,A19,NS-LED60F
13,4,u,1,0,1,6,3,Insignia,A19,NS-LED60F
13,5,u,1,0,1,6,4,Insignia,A19,NS-LED60F
13,6,u,1,0,1,7,6,Insignia,A19,NS-LED60F
13,7,d,0,1,2,1,1,Insignia,A19,NS-LED60F
13,8,d,0,1,2,1,2,Insignia,A19,NS-LED60F
13,9,h,0,1,2,5,1,Insignia,A19,NS-LED60F
13,10,h,0,1,2,5,2,Insignia,A19,NS-LED60F
13,11,u,0,1,3,7,7,Insignia,A19,NS-LED60F
13,12,u,0,1,3,7,8,Insignia,A19,NS-LED60F
13,13,u,0,1,3,7,9,Insignia,A19,NS-LED60F
13,14,u,1,1,4,8,1,Insignia,A19,NS-LED60F
13,15,u,1,1,4,8,2,Insignia,A19,NS-LED60F
13,16,u,1,1,4,8,3,Insignia,A19,NS-LED60F
13,17,h,0,0,6,4,1,Insignia,A19,NS-LED60F
13,18,h,0,0,6,4,2,Insignia,A19,NS-LED60F
13,19,h,0,0,6,4,3,Insignia,A19,NS-LED60F
13,20,h,0,0,6,4,4,Insignia,A19,NS-LED60F
13,21,h,0,0,6,4,5,Insignia,A19,NS-LED60F
13,22,u,0,0,7,5,1,Insignia,A19,NS-LED60F
13,23,u,0,0,7,5,2,Insignia,A19,NS-LED60F
13,24,u,0,0,7,5,3,Insignia,A19,NS-LED60F
13,25,u,0,0,7,5,4,Insignia,A19,NS-LED60F
13,26,u,0,0,7,5,5,Insignia,A19,NS-LED60F
13,27,d,0,0,7,2,1,Insignia,A19,NS-LED60F
13,28,d,0,0,7,2,2,Insignia,A19,NS-LED60F
13,29,d,0,0,7,2,3,Insignia,A19,NS-LED60F
13,30,d,0,0,7,2,4,Insignia,A19,NS-LED60F
13,31,d,0,0,7,2,5,Insignia,A19,NS-LED60F
14,1,d,0,0,1,4,4,GE,A19,LED13A19/830
14,2,u,1,0,1,7,7,GE,A19,LED13A19/830
14,3,u,1,0,6,8,6,GE,A19,LED13A19/830
14,4,u,1,0,5,6,1,GE,A19,LED13A19/830
14,5,u,1,0,5,6,6,GE,A19,LED13A19/830
14,6,u,1,0,1,6,5,GE,A19,LED13A19/830
14,7,u,0,1,2,3,1,GE,A19,LED13A19/830
14,8,u,0,1,2,3,2,GE,A19,LED13A19/830
14,9,d,0,1,2,1,5,GE,A19,LED13A19/830
14,10,d,0,1,2,1,6,GE,A19,LED13A19/830
14,11,h,0,1,2,5,5,GE,A19,LED13A19/830
14,12,h,0,1,2,5,6,GE,A19,LED13A19/830
14,13,u,1,1,2,7,1,GE,A19,LED13A19/830
14,14,u,1,1,2,7,2,GE,A19,LED13A19/830
14,15,u,0,1,3,7,10,GE,A19,LED13A19/830
14,16,u,1,1,4,8,10,GE,A19,LED13A19/830
14,17,h,0,0,6,4,6,GE,A19,LED13A19/830
14,18,h,0,0,6,4,7,GE,A19,LED13A19/830
14,19,h,0,0,6,4,8,GE,A19,LED13A19/830
14,20,h,0,0,6,4,9,GE,A19,LED13A19/830
14,21,h,0,0,6,4,10,GE,A19,LED13A19/830
14,22,u,0,0,7,5,6,GE,A19,LED13A19/830
14,23,u,0,0,7,5,7,GE,A19,LED13A19/830
14,24,u,0,0,7,5,8,GE,A19,LED13A19/830
14,25,u,0,0,7,5,9,GE,A19,LED13A19/830
14,26,u,0,0,7,5,10,GE,A19,LED13A19/830
14,27,d,0,0,7,2,6,GE,A19,LED13A19/830
14,28,d,0,0,7,2,7,GE,A19,LED13A19/830
14,29,d,0,0,7,2,8,GE,A19,LED13A19/830
14,30,d,0,0,7,2,9,GE,A19,LED13A19/830
14,31,d,0,0,7,2,10,GE,A19,LED13A19/830
15,1,u,1,0,1,7,8,Sylvania,A19,LED12A19/DIM/0/827/RP
15,2,u,1,0,6,8,1,Sylvania,A19,LED12A19/DIM/0/827/RP
15,3,u,1,0,5,7,1,Sylvania,A19,LED12A19/DIM/0/827/RP
15,4,u,1,0,5,7,6,Sylvania,A19,LED12A19/DIM/0/827/RP
15,5,u,1,0,1,7,5,Sylvania,A19,LED12A19/DIM/0/827/RP
15,6,u,0,1,2,3,3,Sylvania,A19,LED12A19/DIM/0/827/RP
15,7,u,0,1,2,3,4,Sylvania,A19,LED12A19/DIM/0/827/RP
15,8,u,0,1,2,3,5,Sylvania,A19,LED12A19/DIM/0/827/RP
15,9,d,0,1,2,1,9,Sylvania,A19,LED12A19/DIM/0/827/RP
15,10,d,0,1,2,1,10,Sylvania,A19,LED12A19/DIM/0/827/RP
15,11,h,0,1,2,5,9,Sylvania,A19,LED12A19/DIM/0/827/RP
15,12,h,0,1,2,5,10,Sylvania,A19,LED12A19/DIM/0/827/RP
15,13,u,1,1,2,7,3,Sylvania,A19,LED12A19/DIM/0/827/RP
15,14,u,1,1,2,7,4,Sylvania,A19,LED12A19/DIM/0/827/RP
15,15,u,1,1,2,7,5,Sylvania,A19,LED12A19/DIM/0/827/RP
15,16,h,0,0,6,5,6,Sylvania,A19,LED12A19/DIM/0/827/RP
15,17,h,0,0,6,5,7,Sylvania,A19,LED12A19/DIM/0/827/RP
15,18,h,0,0,6,5,8,Sylvania,A19,LED12A19/DIM/0/827/RP
15,19,h,0,0,6,5,9,Sylvania,A19,LED12A19/DIM/0/827/RP
15,20,h,0,0,6,5,10,Sylvania,A19,LED12A19/DIM/0/827/RP
15,21,u,0,0,7,6,6,Sylvania,A19,LED12A19/DIM/0/827/RP
15,22,u,0,0,7,6,7,Sylvania,A19,LED12A19/DIM/0/827/RP
15,23,u,0,0,7,6,8,Sylvania,A19,LED12A19/DIM/0/827/RP
15,24,u,0,0,7,6,9,Sylvania,A19,LED12A19/DIM/0/827/RP
15,25,u,0,0,7,6,10,Sylvania,A19,LED12A19/DIM/0/827/RP
15,26,d,0,0,7,3,6,Sylvania,A19,LED12A19/DIM/0/827/RP
15,27,d,0,0,7,3,7,Sylvania,A19,LED12A19/DIM/0/827/RP
15,28,d,0,0,7,3,8,Sylvania,A19,LED12A19/DIM/0/827/RP
15,29,d,0,0,7,3,9,Sylvania,A19,LED12A19/DIM/0/827/RP
15,30,d,0,0,7,3,10,Sylvania,A19,LED12A19/DIM/0/827/RP
15,31,d,0,0,1,4,5,Sylvania,A19,LED12A19/DIM/0/827/RP
16,1,d,0,0,1,4,6,Ecosmart/LightingScience,A19,ECS A19 WW 60WE 120
16,2,u,1,0,1,7,1,Ecosmart/LightingScience,A19,ECS A19 WW 60WE 120
16,3,u,1,0,1,7,2,Ecosmart/LightingScience,A19,ECS A19 WW 60WE 120
16,4,u,1,0,1,7,3,Ecosmart/LightingScience,A19,ECS A19 WW 60WE 120
16,5,u,1,0,1,7,4,Ecosmart/LightingScience,A19,ECS A19 WW 60WE 120
16,6,u,1,0,1,7,9,Ecosmart/LightingScience,A19,ECS A19 WW 60WE 120
16,7,u,0,1,2,3,8,Ecosmart/LightingScience,A19,ECS A19 WW 60WE 120
16,8,u,0,1,2,3,9,Ecosmart/LightingScience,A19,ECS A19 WW 60WE 120
16,9,u,0,1,2,3,10,Ecosmart/LightingScience,A19,ECS A19 WW 60WE 120
16,10,d,0,1,2,2,3,Ecosmart/LightingScience,A19,ECS A19 WW 60WE 120
16,11,d,0,1,2,2,4,Ecosmart/LightingScience,A19,ECS A19 WW 60WE 120
16,12,h,0,1,2,6,3,Ecosmart/LightingScience,A19,ECS A19 WW 60WE 120
16,13,h,0,1,2,6,4,Ecosmart/LightingScience,A19,ECS A19 WW 60WE 120
16,14,u,1,1,2,7,6,Ecosmart/LightingScience,A19,ECS A19 WW 60WE 120
16,15,u,1,1,2,7,7,Ecosmart/LightingScience,A19,ECS A19 WW 60WE 120
16,16,u,1,1,2,7,8,Ecosmart/LightingScience,A19,ECS A19 WW 60WE 120
16,17,h,0,0,6,5,1,Ecosmart/LightingScience,A19,ECS A19 WW 60WE 120
16,18,h,0,0,6,5,2,Ecosmart/LightingScience,A19,ECS A19 WW 60WE 120
16,19,h,0,0,6,5,3,Ecosmart/LightingScience,A19,ECS A19 WW 60WE 120
16,20,h,0,0,6,5,4,Ecosmart/LightingScience,A19,ECS A19 WW 60WE 120
16,21,h,0,0,6,5,5,Ecosmart/LightingScience,A19,ECS A19 WW 60WE 120
16,22,u,0,0,7,6,1,Ecosmart/LightingScience,A19,ECS A19 WW 60WE 120
16,23,u,0,0,7,6,2,Ecosmart/LightingScience,A19,ECS A19 WW 60WE 120
16,24,u,0,0,7,6,3,Ecosmart/LightingScience,A19,ECS A19 WW 60WE 120
16,25,u,0,0,7,6,4,Ecosmart/LightingScience,A19,ECS A19 WW 60WE 120
16,26,u,0,0,7,6,5,Ecosmart/LightingScience,A19,ECS A19 WW 60WE 120
16,27,d,0,0,7,3,1,Ecosmart/LightingScience,A19,ECS A19 WW 60WE 120
16,28,d,0,0,7,3,2,Ecosmart/LightingScience,A19,ECS A19 WW 60WE 120
16,29,d,0,0,7,3,3,Ecosmart/LightingScience,A19,ECS A19 WW 60WE 120
16,30,d,0,0,7,3,4,Ecosmart/LightingScience,A19,ECS A19 WW 60WE 120
16,31,d,0,0,7,3,5,Ecosmart/LightingScience,A19,ECS A19 WW 60WE 120
17,1,d,0,0,1,4,7,CREE,A19,TW Series 
17,2,u,1,0,1,7,10,CREE,A19,TW Series 
17,3,u,1,0,1,8,6,CREE,A19,TW Series 
17,4,u,1,0,1,8,7,CREE,A19,TW Series 
17,5,u,1,0,5,8,6,CREE,A19,TW Series 
17,6,u,1,0,1,8,5,CREE,A19,TW Series 
17,7,u,0,1,2,3,6,CREE,A19,TW Series 
17,8,u,0,1,2,3,7,CREE,A19,TW Series 
17,9,u,0,1,2,4,4,CREE,A19,TW Series 
17,10,d,0,1,2,2,5,CREE,A19,TW Series 
17,11,d,0,1,2,2,6,CREE,A19,TW Series 
17,12,h,0,1,2,6,5,CREE,A19,TW Series 
17,13,h,0,1,2,6,6,CREE,A19,TW Series 
17,14,u,1,1,2,7,9,CREE,A19,TW Series 
17,15,u,1,1,2,7,10,CREE,A19,TW Series 
17,16,u,1,1,2,8,4,CREE,A19,TW Series 
17,17,d,0,0,6,1,6,CREE,A19,TW Series 
17,18,d,0,0,6,1,7,CREE,A19,TW Series 
17,19,d,0,0,6,1,8,CREE,A19,TW Series 
17,20,d,0,0,6,1,9,CREE,A19,TW Series 
17,21,d,0,0,6,1,10,CREE,A19,TW Series 
17,22,h,0,0,6,6,6,CREE,A19,TW Series 
17,23,h,0,0,6,6,7,CREE,A19,TW Series 
17,24,h,0,0,6,6,8,CREE,A19,TW Series 
17,25,h,0,0,6,6,9,CREE,A19,TW Series 
17,26,h,0,0,6,6,10,CREE,A19,TW Series 
17,27,u,0,0,7,7,6,CREE,A19,TW Series 
17,28,u,0,0,7,7,7,CREE,A19,TW Series 
17,29,u,0,0,7,7,8,CREE,A19,TW Series 
17,30,u,0,0,7,7,9,CREE,A19,TW Series 
17,31,u,0,0,7,7,10,CREE,A19,TW Series 
18,1,d,0,0,1,4,8,Philips,A19,BC11A19/AMB/2700 DIM 120V
18,2,u,1,0,1,8,1,Philips,A19,BC11A19/AMB/2700 DIM 120V
18,3,u,1,0,1,8,2,Philips,A19,BC11A19/AMB/2700 DIM 120V
18,4,u,1,0,1,8,3,Philips,A19,BC11A19/AMB/2700 DIM 120V
18,5,u,1,0,1,8,4,Philips,A19,BC11A19/AMB/2700 DIM 120V
18,6,u,1,0,1,8,8,Philips,A19,BC11A19/AMB/2700 DIM 120V
18,7,u,0,1,2,4,1,Philips,A19,BC11A19/AMB/2700 DIM 120V
18,8,u,0,1,2,4,2,Philips,A19,BC11A19/AMB/2700 DIM 120V
18,9,u,0,1,2,4,3,Philips,A19,BC11A19/AMB/2700 DIM 120V
18,10,d,0,1,2,2,1,Philips,A19,BC11A19/AMB/2700 DIM 120V
18,11,d,0,1,2,2,2,Philips,A19,BC11A19/AMB/2700 DIM 120V
18,12,h,0,1,2,6,1,Philips,A19,BC11A19/AMB/2700 DIM 120V
18,13,h,0,1,2,6,2,Philips,A19,BC11A19/AMB/2700 DIM 120V
18,14,u,1,1,2,8,1,Philips,A19,BC11A19/AMB/2700 DIM 120V
18,15,u,1,1,2,8,2,Philips,A19,BC11A19/AMB/2700 DIM 120V
18,16,u,1,1,2,8,3,Philips,A19,BC11A19/AMB/2700 DIM 120V
18,17,d,0,0,6,1,1,Philips,A19,BC11A19/AMB/2700 DIM 120V
18,18,u,0,0,7,7,1,Philips,A19,BC11A19/AMB/2700 DIM 120V
18,19,u,0,0,7,7,2,Philips,A19,BC11A19/AMB/2700 DIM 120V
18,20,u,0,0,7,7,3,Philips,A19,BC11A19/AMB/2700 DIM 120V
18,21,d,0,0,6,1,2,Philips,A19,BC11A19/AMB/2700 DIM 120V
18,22,d,0,0,6,1,3,Philips,A19,BC11A19/AMB/2700 DIM 120V
18,23,d,0,0,6,1,4,Philips,A19,BC11A19/AMB/2700 DIM 120V
18,24,d,0,0,6,1,5,Philips,A19,BC11A19/AMB/2700 DIM 120V
18,25,h,0,0,6,6,1,Philips,A19,BC11A19/AMB/2700 DIM 120V
18,26,h,0,0,6,6,2,Philips,A19,BC11A19/AMB/2700 DIM 120V
18,27,h,0,0,6,6,3,Philips,A19,BC11A19/AMB/2700 DIM 120V
18,28,h,0,0,6,6,4,Philips,A19,BC11A19/AMB/2700 DIM 120V
18,29,h,0,0,6,6,5,Philips,A19,BC11A19/AMB/2700 DIM 120V
18,30,u,0,0,7,7,4,Philips,A19,BC11A19/AMB/2700 DIM 120V
18,31,u,0,0,7,7,5,Philips,A19,BC11A19/AMB/2700 DIM 120V
19,1,d,0,0,6,2,6,Utilitech/Energetic,A19,YGA01A08-12W-830
19,2,d,0,0,6,2,7,Utilitech/Energetic,A19,YGA01A08-12W-830
19,3,d,0,0,6,2,8,Utilitech/Energetic,A19,YGA01A08-12W-830
19,4,d,0,0,6,2,9,Utilitech/Energetic,A19,YGA01A08-12W-830
19,5,d,0,0,6,2,10,Utilitech/Energetic,A19,YGA01A08-12W-830
19,6,h,0,0,6,7,6,Utilitech/Energetic,A19,YGA01A08-12W-830
19,7,h,0,0,6,7,7,Utilitech/Energetic,A19,YGA01A08-12W-830
19,8,h,0,0,6,7,8,Utilitech/Energetic,A19,YGA01A08-12W-830
19,9,h,0,0,6,7,9,Utilitech/Energetic,A19,YGA01A08-12W-830
19,10,h,0,0,6,7,10,Utilitech/Energetic,A19,YGA01A08-12W-830
19,11,u,1,0,1,8,9,Utilitech/Energetic,A19,YGA01A08-12W-830
19,12,u,1,0,6,8,2,Utilitech/Energetic,A19,YGA01A08-12W-830
19,13,u,1,0,6,8,3,Utilitech/Energetic,A19,YGA01A08-12W-830
19,14,u,1,0,6,8,4,Utilitech/Energetic,A19,YGA01A08-12W-830
19,15,u,1,0,6,8,5,Utilitech/Energetic,A19,YGA01A08-12W-830
19,16,u,0,0,7,8,6,Utilitech/Energetic,A19,YGA01A08-12W-830
19,17,u,0,0,7,8,7,Utilitech/Energetic,A19,YGA01A08-12W-830
19,18,u,0,0,7,8,8,Utilitech/Energetic,A19,YGA01A08-12W-830
19,19,u,0,0,7,8,9,Utilitech/Energetic,A19,YGA01A08-12W-830
19,20,u,0,0,7,8,10,Utilitech/Energetic,A19,YGA01A08-12W-830
19,21,d,0,1,2,2,9,Utilitech/Energetic,A19,YGA01A08-12W-830
19,22,d,0,1,2,2,10,Utilitech/Energetic,A19,YGA01A08-12W-830
19,23,u,0,1,2,4,8,Utilitech/Energetic,A19,YGA01A08-12W-830
19,24,u,0,1,2,4,9,Utilitech/Energetic,A19,YGA01A08-12W-830
19,25,d,0,0,1,4,9,Utilitech/Energetic,A19,YGA01A08-12W-830
19,26,h,0,1,2,6,9,Utilitech/Energetic,A19,YGA01A08-12W-830
19,27,h,0,1,2,6,10,Utilitech/Energetic,A19,YGA01A08-12W-830
19,28,u,1,1,2,8,8,Utilitech/Energetic,A19,YGA01A08-12W-830
19,29,u,1,1,2,8,9,Utilitech/Energetic,A19,YGA01A08-12W-830
19,30,u,1,1,2,8,10,Utilitech/Energetic,A19,YGA01A08-12W-830
19,31,u,0,1,2,4,10,Utilitech/Energetic,A19,YGA01A08-12W-830
20,1,u,0,1,2,4,5,LED Novation,A19,LEDH-A19-60-1-27D-IOE
20,2,u,0,1,2,4,6,LED Novation,A19,LEDH-A19-60-1-27D-IOE
20,3,u,0,1,2,4,7,LED Novation,A19,LEDH-A19-60-1-27D-IOE
20,4,d,0,1,2,2,7,LED Novation,A19,LEDH-A19-60-1-27D-IOE
20,5,d,0,1,2,2,8,LED Novation,A19,LEDH-A19-60-1-27D-IOE
20,6,h,0,1,2,6,7,LED Novation,A19,LEDH-A19-60-1-27D-IOE
20,7,h,0,1,2,6,8,LED Novation,A19,LEDH-A19-60-1-27D-IOE
20,8,u,1,1,2,8,5,LED Novation,A19,LEDH-A19-60-1-27D-IOE
20,9,u,1,1,2,8,6,LED Novation,A19,LEDH-A19-60-1-27D-IOE
20,10,u,1,1,2,8,7,LED Novation,A19,LEDH-A19-60-1-27D-IOE
20,11,d,0,0,6,2,1,LED Novation,A19,LEDH-A19-60-1-27D-IOE
20,12,d,0,0,6,2,2,LED Novation,A19,LEDH-A19-60-1-27D-IOE
20,13,d,0,0,6,2,3,LED Novation,A19,LEDH-A19-60-1-27D-IOE
20,14,d,0,0,6,2,4,LED Novation,A19,LEDH-A19-60-1-27D-IOE
20,15,d,0,0,6,2,5,LED Novation,A19,LEDH-A19-60-1-27D-IOE
20,16,h,0,0,6,7,1,LED Novation,A19,LEDH-A19-60-1-27D-IOE
20,17,h,0,0,6,7,2,LED Novation,A19,LEDH-A19-60-1-27D-IOE
20,18,h,0,0,6,7,3,LED Novation,A19,LEDH-A19-60-1-27D-IOE
20,19,h,0,0,6,7,4,LED Novation,A19,LEDH-A19-60-1-27D-IOE
20,20,h,0,0,6,7,5,LED Novation,A19,LEDH-A19-60-1-27D-IOE
20,21,u,1,0,1,8,10,LED Novation,A19,LEDH-A19-60-1-27D-IOE
20,22,u,1,0,6,8,7,LED Novation,A19,LEDH-A19-60-1-27D-IOE
20,23,u,1,0,6,8,8,LED Novation,A19,LEDH-A19-60-1-27D-IOE
20,24,u,1,0,6,8,9,LED Novation,A19,LEDH-A19-60-1-27D-IOE
20,25,u,1,0,6,8,10,LED Novation,A19,LEDH-A19-60-1-27D-IOE
20,26,u,0,0,7,8,1,LED Novation,A19,LEDH-A19-60-1-27D-IOE
20,27,u,0,0,7,8,2,LED Novation,A19,LEDH-A19-60-1-27D-IOE
20,28,u,0,0,7,8,3,LED Novation,A19,LEDH-A19-60-1-27D-IOE
20,29,u,0,0,7,8,4,LED Novation,A19,LEDH-A19-60-1-27D-IOE
20,30,u,0,0,7,8,5,LED Novation,A19,LEDH-A19-60-1-27D-IOE
20,31,d,0,0,1,4,10,LED Novation,A19,LEDH-A19-60-1-27D-IOE